商品防伪码,有效日期,产品类型,保留字段1,保留字段2
ivWUebHltDTy,2020-12-31,产品名称,备注A
g54IMMJMCWr6,2020-12-31,产品名称,备注A
AE6JDxLmZHrQ,2020-12-31,产品名称,备注A
yyagIDjeBPba,2020-12-31,产品名称,备注A
NQC5FmTiU4Vs,2020-12-31,产品名称,备注A
x4f7WKCzYySu,2020-12-31,产品名称,备注A
yQLJxiBfxXDL,2020-12-31,产品名称,备注A
VS22aMTmd2hr,2020-12-31,产品名称,备注A
9kQKYQfBuiN5,2020-12-31,产品名称,备注A
y8rTnBFSXAbc,2020-12-31,产品名称,备注A
kKU8HGdvN5tr,2020-12-31,产品名称,备注A
EPMPAM9itDNx,2020-12-31,产品名称,备注A
MdBVPwaWlgRf,2020-12-31,产品名称,备注A
mDmPdQ3VFDwD,2020-12-31,产品名称,备注A
cSJpfxDI3at6,2020-12-31,产品名称,备注A
tUwsm5KDixxl,2020-12-31,产品名称,备注A
xu8697lBUsgK,2020-12-31,产品名称,备注A
szCyZlXHuAEW,2020-12-31,产品名称,备注A
eiKPdivEPPbL,2020-12-31,产品名称,备注A
wQD2uWYgHYnd,2020-12-31,产品名称,备注A
jwX9def2KGut,2020-12-31,产品名称,备注A
TJhtuXJU6pzg,2020-12-31,产品名称,备注A
IueIFzUZ8Y9t,2020-12-31,产品名称,备注A
cEP4m2Z62Iic,2020-12-31,产品名称,备注A
E3nUlPQxtrly,2020-12-31,产品名称,备注A
Ypwb3Pu2vGcq,2020-12-31,产品名称,备注A
Mjse9kbR3i6Z,2020-12-31,产品名称,备注A
rPR8WjcY2KIM,2020-12-31,产品名称,备注A
WtLHHwYtuEg8,2020-12-31,产品名称,备注A
xxgiTLSEk68r,2020-12-31,产品名称,备注A
rrdpEjMamm6j,2020-12-31,产品名称,备注A
3xBTvDNkkWMH,2020-12-31,产品名称,备注A
K2sQAjrsAH5P,2020-12-31,产品名称,备注A
ZYNSk9KBYrlr,2020-12-31,产品名称,备注A
YvZwPcUj7ra4,2020-12-31,产品名称,备注A
f6FGTkPA4ax4,2020-12-31,产品名称,备注A
ShDrgG2l3h9K,2020-12-31,产品名称,备注A
DVQ9mblTTf8R,2020-12-31,产品名称,备注A
PpafmmDkZTIu,2020-12-31,产品名称,备注A
T8k8hw8sEDUK,2020-12-31,产品名称,备注A
qiIHQR8LW7bf,2020-12-31,产品名称,备注A
YKDZrBnCrE5E,2020-12-31,产品名称,备注A
kwKBhDXVhmtT,2020-12-31,产品名称,备注A
SFtfLrJQzejM,2020-12-31,产品名称,备注A
mPBtNlmtagIg,2020-12-31,产品名称,备注A
iblnCfRtD2XC,2020-12-31,产品名称,备注A
yZqeRDI2hR9p,2020-12-31,产品名称,备注A
6ZwbZkYZdzuP,2020-12-31,产品名称,备注A
Wv8MVcFqnkxU,2020-12-31,产品名称,备注A
VngwDePSQWAC,2020-12-31,产品名称,备注A
